ts,msg_type,src_ip,dst_ip,xid,client_ip,your_ip,server_ip,client_mac
1102274184.317453,Discover,0.0.0.0,255.255.255.255,0x00003d1d,,,,
1102274184.317748,Offer,192.168.0.1,192.168.0.10,0x00003d1d,,,,
1102274184.387484,Discover,0.0.0.0,255.255.255.255,0x00003d1e,,,,
1102274184.387798,Offer,192.168.0.1,192.168.0.10,0x00003d1e,,,,
